{
    "development": {
        "username": "changeThis",
        "password": "changeThis",
        "database": "changeThis",
        "host": "changeThis",
        "port": "changeThis",
        "dialect": "mariadb",
        "dialectOptions": {
            "useUTC": false,
            "dateStrings": true,
            "typeCast": true
        },
        "timezone": "-03:00"
    },
    "test": {
        "username": "root",
        "password": null,
        "database": "database_test",
        "host": "127.0.0.1",
        "dialect": "mysql"
    },
    "production": {
        "username": "root",
        "password": null,
        "database": "database_production",
        "host": "127.0.0.1",
        "dialect": "mysql"
    }
}
