{
    "development": {
        "username": "root",
        "password": "123",
        "database": "bdreprov2",
        "host": "localhost",
        "port": 3306,
        "dialect": "mariadb",
        "dialectOptions": {
            "useUTC": false,
            "dateStrings": true,
            "typeCast": true
        },
        "timezone": "-03:00"
    },
    "test": {
        "username": "root",
        "password": null,
        "database": "database_test",
        "host": "127.0.0.1",
        "dialect": "mysql"
    },
    "production": {
        "username": "root",
        "password": null,
        "database": "database_production",
        "host": "127.0.0.1",
        "dialect": "mysql"
    }
}
